[{"pk": 22, "model": "auth.permission", "fields": {"codename": "add_auction", "name": "Can add auction", "content_type": 8}}, {"pk": 23, "model": "auth.permission", "fields": {"codename": "change_auction", "name": "Can change auction", "content_type": 8}}, {"pk": 24, "model": "auth.permission", "fields": {"codename": "delete_auction", "name": "Can delete auction", "content_type": 8}}, {"pk": 25, "model": "auth.permission", "fields": {"codename": "add_bid", "name": "Can add bid", "content_type": 9}}, {"pk": 26, "model": "auth.permission", "fields": {"codename": "change_bid", "name": "Can change bid", "content_type": 9}}, {"pk": 27, "model": "auth.permission", "fields": {"codename": "delete_bid", "name": "Can delete bid", "content_type": 9}}, {"pk": 19, "model": "auth.permission", "fields": {"codename": "add_logentry", "name": "Can add log entry", "content_type": 7}}, {"pk": 20, "model": "auth.permission", "fields": {"codename": "change_logentry", "name": "Can change log entry", "content_type": 7}}, {"pk": 21, "model": "auth.permission", "fields": {"codename": "delete_logentry", "name": "Can delete log entry", "content_type": 7}}, {"pk": 4, "model": "auth.permission", "fields": {"codename": "add_group", "name": "Can add group", "content_type": 2}}, {"pk": 5, "model": "auth.permission", "fields": {"codename": "change_group", "name": "Can change group", "content_type": 2}}, {"pk": 6, "model": "auth.permission", "fields": {"codename": "delete_group", "name": "Can delete group", "content_type": 2}}, {"pk": 1, "model": "auth.permission", "fields": {"codename": "add_permission", "name": "Can add permission", "content_type": 1}}, {"pk": 2, "model": "auth.permission", "fields": {"codename": "change_permission", "name": "Can change permission", "content_type": 1}}, {"pk": 3, "model": "auth.permission", "fields": {"codename": "delete_permission", "name": "Can delete permission", "content_type": 1}}, {"pk": 7, "model": "auth.permission", "fields": {"codename": "add_user", "name": "Can add user", "content_type": 3}}, {"pk": 8, "model": "auth.permission", "fields": {"codename": "change_user", "name": "Can change user", "content_type": 3}}, {"pk": 9, "model": "auth.permission", "fields": {"codename": "delete_user", "name": "Can delete user", "content_type": 3}}, {"pk": 10, "model": "auth.permission", "fields": {"codename": "add_contenttype", "name": "Can add content type", "content_type": 4}}, {"pk": 11, "model": "auth.permission", "fields": {"codename": "change_contenttype", "name": "Can change content type", "content_type": 4}}, {"pk": 12, "model": "auth.permission", "fields": {"codename": "delete_contenttype", "name": "Can delete content type", "content_type": 4}}, {"pk": 13, "model": "auth.permission", "fields": {"codename": "add_session", "name": "Can add session", "content_type": 5}}, {"pk": 14, "model": "auth.permission", "fields": {"codename": "change_session", "name": "Can change session", "content_type": 5}}, {"pk": 15, "model": "auth.permission", "fields": {"codename": "delete_session", "name": "Can delete session", "content_type": 5}}, {"pk": 16, "model": "auth.permission", "fields": {"codename": "add_site", "name": "Can add site", "content_type": 6}}, {"pk": 17, "model": "auth.permission", "fields": {"codename": "change_site", "name": "Can change site", "content_type": 6}}, {"pk": 18, "model": "auth.permission", "fields": {"codename": "delete_site", "name": "Can delete site", "content_type": 6}}, {"pk": 1, "model": "auth.user", "fields": {"username": "admin", "first_name": "", "last_name": "", "is_active": true, "is_superuser": true, "is_staff": true, "last_login": "2013-04-30T13:39:11.235Z", "groups": [], "user_permissions": [], "password": "pbkdf2_sha256$10000$EhV2hDYnBrpf$kUcxUN+J7mjADElcg457PhlFcl+AMVV3iDGJfRBOkls=", "email": "admin@example.com", "date_joined": "2013-04-29T17:44:01.233Z"}}, {"pk": 2, "model": "auth.user", "fields": {"username": "anh", "first_name": "", "last_name": "", "is_active": true, "is_superuser": false, "is_staff": false, "last_login": "2013-04-30T09:35:05.945Z", "groups": [], "user_permissions": [], "password": "pbkdf2_sha256$10000$IoWQQsnY6VoG$PKCpRXOEbwyFWVbP2dmoqgvN6senuROCGy/56d4CpQE=", "email": "anh@example.com", "date_joined": "2013-04-29T17:44:35.541Z"}}, {"pk": 3, "model": "auth.user", "fields": {"username": "anh1", "first_name": "", "last_name": "", "is_active": true, "is_superuser": false, "is_staff": false, "last_login": "2013-04-30T09:34:23.098Z", "groups": [], "user_permissions": [], "password": "pbkdf2_sha256$10000$j4X8dLWiMfbE$hGCcGcZrUa7PJtOfN2l+nCxETAiinuNKiJ2afbTg8A8=", "email": "anh1@example.com", "date_joined": "2013-04-29T17:44:46.910Z"}}, {"pk": 4, "model": "auth.user", "fields": {"username": "anh2", "first_name": "", "last_name": "", "is_active": true, "is_superuser": false, "is_staff": false, "last_login": "2013-04-30T11:19:00.052Z", "groups": [], "user_permissions": [], "password": "pbkdf2_sha256$10000$dAQGITSlIt9r$0RrErZTXjtKUfvCJljvzECvZEjAjtp+b7uqM63Sa9CQ=", "email": "anh2@example.com", "date_joined": "2013-04-29T17:44:57.814Z"}}, {"pk": 5, "model": "auth.user", "fields": {"username": "anh3", "first_name": "", "last_name": "", "is_active": true, "is_superuser": false, "is_staff": false, "last_login": "2013-04-29T17:45:10.889Z", "groups": [], "user_permissions": [], "password": "pbkdf2_sha256$10000$c2aHiL6HBBJk$+86W3AnHlIvuhYEQrVE9ZhvWDjN5MJvZDxn9IyGYHSc=", "email": "anh3@example.com", "date_joined": "2013-04-29T17:45:10.889Z"}}, {"pk": 6, "model": "auth.user", "fields": {"username": "anh4", "first_name": "", "last_name": "", "is_active": true, "is_superuser": false, "is_staff": false, "last_login": "2013-04-30T11:20:47.593Z", "groups": [], "user_permissions": [], "password": "pbkdf2_sha256$10000$pYfrvCGo3a7b$gJo9oCRxdR9VKrtoRSJrDoY87trJQ8kzj/D62T+cQS8=", "email": "anh4@example.com", "date_joined": "2013-04-29T17:45:25.959Z"}}, {"pk": 7, "model": "auth.user", "fields": {"username": "anh5", "first_name": "", "last_name": "", "is_active": true, "is_superuser": false, "is_staff": false, "last_login": "2013-04-30T11:46:14.321Z", "groups": [], "user_permissions": [], "password": "pbkdf2_sha256$10000$43RfJbQzpj72$r3vVzgzvD+ZO/xf8y+qQG/fRUoNRpRBs/rBP/RP1i2M=", "email": "anh5@example.com", "date_joined": "2013-04-29T17:45:39.890Z"}}, {"pk": 8, "model": "auth.user", "fields": {"username": "anh6", "first_name": "", "last_name": "", "is_active": true, "is_superuser": false, "is_staff": false, "last_login": "2013-04-29T17:45:54.766Z", "groups": [], "user_permissions": [], "password": "pbkdf2_sha256$10000$mt31pinDrBYg$E625AOfCMFZhnmL46Kbws9JPuN7bxpMKA88dp2ZnkiU=", "email": "anh6@example.com", "date_joined": "2013-04-29T17:45:54.766Z"}}, {"pk": 9, "model": "auth.user", "fields": {"username": "anh7", "first_name": "", "last_name": "", "is_active": true, "is_superuser": false, "is_staff": false, "last_login": "2013-04-29T17:46:09.096Z", "groups": [], "user_permissions": [], "password": "pbkdf2_sha256$10000$KMGKjTtEmxw3$Wv3zWVPWdiotjc4GyzRkhQPm+dONGCqDR7ylUxz1/UQ=", "email": "anh7@example.com", "date_joined": "2013-04-29T17:46:09.096Z"}}, {"pk": 10, "model": "auth.user", "fields": {"username": "anh8", "first_name": "", "last_name": "", "is_active": true, "is_superuser": false, "is_staff": false, "last_login": "2013-04-30T11:52:02.360Z", "groups": [], "user_permissions": [], "password": "pbkdf2_sha256$10000$wbhrBngtdBSD$/zZ8cPExNhtWc6ttGkAvEE/IsLBLiTRvbkb1pm2M3Cs=", "email": "anh8@example.com", "date_joined": "2013-04-29T17:46:35.368Z"}}, {"pk": 11, "model": "auth.user", "fields": {"username": "anh10", "first_name": "", "last_name": "", "is_active": true, "is_superuser": false, "is_staff": false, "last_login": "2013-04-30T11:50:36.765Z", "groups": [], "user_permissions": [], "password": "pbkdf2_sha256$10000$NarIAs8sdm3b$yCPeh2jJTAfNQ+E91rY4rTjG4TmSk2imOnBzuhXhhQ0=", "email": "anh10@example.com", "date_joined": "2013-04-29T17:46:57.552Z"}}, {"pk": 12, "model": "auth.user", "fields": {"username": "anh11", "first_name": "", "last_name": "", "is_active": true, "is_superuser": false, "is_staff": false, "last_login": "2013-04-29T17:47:13.309Z", "groups": [], "user_permissions": [], "password": "pbkdf2_sha256$10000$HqBL99jpNc0C$J7vnU5dauNTUb70YyyGAlDx2P2udi99u2ae/bgFsZ6o=", "email": "anh11@example.com", "date_joined": "2013-04-29T17:47:13.309Z"}}, {"pk": 13, "model": "auth.user", "fields": {"username": "anh12", "first_name": "", "last_name": "", "is_active": true, "is_superuser": false, "is_staff": false, "last_login": "2013-04-30T11:49:23.261Z", "groups": [], "user_permissions": [], "password": "pbkdf2_sha256$10000$VhzpzlP4lWHM$g5u3xRUDfO+pSQkxAq53QtbmpGoVdiKw3PJ2CxWy/UA=", "email": "anh12@example.com", "date_joined": "2013-04-29T17:47:29.869Z"}}, {"pk": 14, "model": "auth.user", "fields": {"username": "anh13", "first_name": "", "last_name": "", "is_active": true, "is_superuser": false, "is_staff": false, "last_login": "2013-04-30T13:08:36.148Z", "groups": [], "user_permissions": [], "password": "pbkdf2_sha256$10000$s8cBaZn7YfxG$mbHnnXFT2Q5gR5jQTjSUDTb0SixPww02lOoYfxopxU4=", "email": "anh13@example.com", "date_joined": "2013-04-29T17:47:46.475Z"}}, {"pk": 15, "model": "auth.user", "fields": {"username": "anh14", "first_name": "", "last_name": "", "is_active": true, "is_superuser": false, "is_staff": false, "last_login": "2013-04-29T17:48:04.768Z", "groups": [], "user_permissions": [], "password": "pbkdf2_sha256$10000$cBveeLqPRjM9$CJe8IzGVu8c5Nl99KBHjzMHgEEUVtYC5FDRIR2YBvaU=", "email": "anh14@example.com", "date_joined": "2013-04-29T17:48:04.768Z"}}, {"pk": 16, "model": "auth.user", "fields": {"username": "anh15", "first_name": "", "last_name": "", "is_active": true, "is_superuser": false, "is_staff": false, "last_login": "2013-04-30T11:48:16.856Z", "groups": [], "user_permissions": [], "password": "pbkdf2_sha256$10000$uXGVlb75e71B$L46Lp5wu5cr/BfZYYcOW6FRC53TxZd5pEmUu2XWxGZo=", "email": "anh15@example.com", "date_joined": "2013-04-29T17:48:17.239Z"}}, {"pk": 17, "model": "auth.user", "fields": {"username": "anh16", "first_name": "", "last_name": "", "is_active": true, "is_superuser": false, "is_staff": false, "last_login": "2013-04-29T17:48:36.325Z", "groups": [], "user_permissions": [], "password": "pbkdf2_sha256$10000$dspH3hZbg6wW$JRPLsUHqKcAPFFjmYp/M0XTrLjNQzeiSRGJawBmD/e0=", "email": "anh16@example.com", "date_joined": "2013-04-29T17:48:36.325Z"}}, {"pk": 18, "model": "auth.user", "fields": {"username": "anh17", "first_name": "", "last_name": "", "is_active": true, "is_superuser": false, "is_staff": false, "last_login": "2013-04-29T17:48:50.786Z", "groups": [], "user_permissions": [], "password": "pbkdf2_sha256$10000$Ob1CLLTVtMcK$8v3phwqSabiCYwO8TkqIBnHeDMTw4i3mrXiztxRAvbI=", "email": "anh17@example.com", "date_joined": "2013-04-29T17:48:50.786Z"}}, {"pk": 19, "model": "auth.user", "fields": {"username": "anh18", "first_name": "", "last_name": "", "is_active": true, "is_superuser": false, "is_staff": false, "last_login": "2013-04-29T17:49:07.218Z", "groups": [], "user_permissions": [], "password": "pbkdf2_sha256$10000$O3fpNeSyRY1r$AtnMhETwknodmQuq/lIzYAEP3TA/1HBQFw0Dux92UPQ=", "email": "anh18@example.com", "date_joined": "2013-04-29T17:49:07.218Z"}}, {"pk": 20, "model": "auth.user", "fields": {"username": "anh19", "first_name": "", "last_name": "", "is_active": true, "is_superuser": false, "is_staff": false, "last_login": "2013-04-29T17:49:23.862Z", "groups": [], "user_permissions": [], "password": "pbkdf2_sha256$10000$QeqzV9Zovb37$jnpnCYV5nRA3P64Fvkg0QJoPp5Kwc2u6ZFfncvvPaLI=", "email": "anh19@example.com", "date_joined": "2013-04-29T17:49:23.862Z"}}, {"pk": 21, "model": "auth.user", "fields": {"username": "anh20", "first_name": "", "last_name": "", "is_active": true, "is_superuser": false, "is_staff": false, "last_login": "2013-04-29T17:49:45.323Z", "groups": [], "user_permissions": [], "password": "pbkdf2_sha256$10000$z8LM9CiYVp78$nYV6cKxFyNglaZt8yyF6PGpLgrhi5Wmtijl8idr1tqg=", "email": "anh20@example.com", "date_joined": "2013-04-29T17:49:45.323Z"}}, {"pk": 22, "model": "auth.user", "fields": {"username": "anh21", "first_name": "", "last_name": "", "is_active": true, "is_superuser": false, "is_staff": false, "last_login": "2013-04-30T11:57:58.072Z", "groups": [], "user_permissions": [], "password": "pbkdf2_sha256$10000$3cqDmtBrTfrH$LiO5JGnKifTNYnl+6Tr6TvCXOWoukhj9afjuLr5cRnE=", "email": "anh21@example.com", "date_joined": "2013-04-29T17:50:12.422Z"}}, {"pk": 23, "model": "auth.user", "fields": {"username": "anh22", "first_name": "", "last_name": "", "is_active": true, "is_superuser": false, "is_staff": false, "last_login": "2013-04-30T12:00:51.205Z", "groups": [], "user_permissions": [], "password": "pbkdf2_sha256$10000$gNmWCotwTuJc$cYwA8h6TjimVIXvcZYRFCJHY19iI0R6j0qi9sJbUGz0=", "email": "anh22@example.com", "date_joined": "2013-04-29T17:50:26.518Z"}}, {"pk": 24, "model": "auth.user", "fields": {"username": "anh23", "first_name": "", "last_name": "", "is_active": true, "is_superuser": false, "is_staff": false, "last_login": "2013-04-29T17:50:38.473Z", "groups": [], "user_permissions": [], "password": "pbkdf2_sha256$10000$Gc57woLBlXE4$qjGQaxgUHREeL0joRfB7HP0ObfI9viU+71dlS8vwFE8=", "email": "anh23@example.com", "date_joined": "2013-04-29T17:50:38.473Z"}}, {"pk": 25, "model": "auth.user", "fields": {"username": "anh24", "first_name": "", "last_name": "", "is_active": true, "is_superuser": false, "is_staff": false, "last_login": "2013-04-29T17:50:55.004Z", "groups": [], "user_permissions": [], "password": "pbkdf2_sha256$10000$tOf2YpWvaX3L$OyyEfuqVz8tlTP6UNJYyIm3IcQZ0cg7J6J8Oq9kpC7M=", "email": "anh24@example.com", "date_joined": "2013-04-29T17:50:55.004Z"}}, {"pk": 26, "model": "auth.user", "fields": {"username": "anh25", "first_name": "", "last_name": "", "is_active": true, "is_superuser": false, "is_staff": false, "last_login": "2013-04-29T17:51:08.361Z", "groups": [], "user_permissions": [], "password": "pbkdf2_sha256$10000$NLlxoZkDANFb$tB67liyydoBih7rPKe51hOzrym4wHngXFW93jX8tEiY=", "email": "anh25@example.com", "date_joined": "2013-04-29T17:51:08.361Z"}}, {"pk": 27, "model": "auth.user", "fields": {"username": "anh26", "first_name": "", "last_name": "", "is_active": true, "is_superuser": false, "is_staff": false, "last_login": "2013-04-29T17:52:33.023Z", "groups": [], "user_permissions": [], "password": "pbkdf2_sha256$10000$vuPxqmy288S3$bBrPgzYdxosqo+FhTaDscMy/lhZr1lbpUCoyNeF1bzg=", "email": "anh26@example.com", "date_joined": "2013-04-29T17:52:33.023Z"}}, {"pk": 28, "model": "auth.user", "fields": {"username": "anh27", "first_name": "", "last_name": "", "is_active": true, "is_superuser": false, "is_staff": false, "last_login": "2013-04-29T17:52:47.734Z", "groups": [], "user_permissions": [], "password": "pbkdf2_sha256$10000$bFY1gYQsrA6H$i1neRE7k0Ecctjva/CHYXDl0CZVu4TxT0x5sjIv2FPw=", "email": "anh27@example.com", "date_joined": "2013-04-29T17:52:47.734Z"}}, {"pk": 29, "model": "auth.user", "fields": {"username": "anh28", "first_name": "", "last_name": "", "is_active": true, "is_superuser": false, "is_staff": false, "last_login": "2013-04-29T17:53:13.317Z", "groups": [], "user_permissions": [], "password": "pbkdf2_sha256$10000$UftD6BSdfjFD$VTZ+895oU4/PTvAA4lfQdE52aFmcTVhfHfuFSp6byHI=", "email": "anh28@example.com", "date_joined": "2013-04-29T17:53:13.318Z"}}, {"pk": 30, "model": "auth.user", "fields": {"username": "anh29", "first_name": "", "last_name": "", "is_active": true, "is_superuser": false, "is_staff": false, "last_login": "2013-04-30T12:06:18.518Z", "groups": [], "user_permissions": [], "password": "pbkdf2_sha256$10000$cdQ04V0jiqju$HN+DzdYMpSurzYAvrF3ilHp+ue93Vwf9cZrKEfjn7iI=", "email": "anh29@example.com", "date_joined": "2013-04-29T17:53:28.083Z"}}, {"pk": 31, "model": "auth.user", "fields": {"username": "anh30", "first_name": "", "last_name": "", "is_active": true, "is_superuser": false, "is_staff": false, "last_login": "2013-04-29T17:54:03.458Z", "groups": [], "user_permissions": [], "password": "pbkdf2_sha256$10000$LoFGHqsTNqQo$rNuM618tx73IkFD+XzkwB1AN3Wa1TaO/i0nN2OvSVWM=", "email": "anh30@example.com", "date_joined": "2013-04-29T17:54:03.458Z"}}, {"pk": 32, "model": "auth.user", "fields": {"username": "anh31", "first_name": "", "last_name": "", "is_active": true, "is_superuser": false, "is_staff": false, "last_login": "2013-04-29T17:54:17.367Z", "groups": [], "user_permissions": [], "password": "pbkdf2_sha256$10000$PruLY4MEBkXa$9a4QtZiiETvVin09P9bTYs78x5y3s5Y3hdDzBYasaHI=", "email": "anh31@example.com", "date_joined": "2013-04-29T17:54:17.367Z"}}, {"pk": 33, "model": "auth.user", "fields": {"username": "anh32", "first_name": "", "last_name": "", "is_active": true, "is_superuser": false, "is_staff": false, "last_login": "2013-04-29T17:54:32.127Z", "groups": [], "user_permissions": [], "password": "pbkdf2_sha256$10000$XZeb1yMm4zCC$Df2s9PS1LnLGsgaasdScmETuCtplvsVRXZyAUeFL92Q=", "email": "anh32@example.com", "date_joined": "2013-04-29T17:54:32.127Z"}}, {"pk": 34, "model": "auth.user", "fields": {"username": "anh33", "first_name": "", "last_name": "", "is_active": true, "is_superuser": false, "is_staff": false, "last_login": "2013-04-30T12:01:54.866Z", "groups": [], "user_permissions": [], "password": "pbkdf2_sha256$10000$Je8s976Mizuq$jQPHkm7czeCSwHndq1mw0SFCYzv/50FKZ9BYSuM9G6U=", "email": "anh33@example.com", "date_joined": "2013-04-29T17:54:46.985Z"}}, {"pk": 35, "model": "auth.user", "fields": {"username": "anh34", "first_name": "", "last_name": "", "is_active": true, "is_superuser": false, "is_staff": false, "last_login": "2013-04-29T17:55:03.340Z", "groups": [], "user_permissions": [], "password": "pbkdf2_sha256$10000$EQ6lZcxJc1jO$l/bquZ3a3wV3Z9PJYQoOxDcmchC7IjXGFX1Ypqx7Q8A=", "email": "anh34@example.com", "date_joined": "2013-04-29T17:55:03.340Z"}}, {"pk": 36, "model": "auth.user", "fields": {"username": "anh35", "first_name": "", "last_name": "", "is_active": true, "is_superuser": false, "is_staff": false, "last_login": "2013-04-29T17:55:18.429Z", "groups": [], "user_permissions": [], "password": "pbkdf2_sha256$10000$9ixTao9nZk3X$sToISJohIMxV7g1KCJqx+P7DkahPYmmxTJVfx5+e2Uk=", "email": "anh35@example.com", "date_joined": "2013-04-29T17:55:18.429Z"}}, {"pk": 37, "model": "auth.user", "fields": {"username": "anh36", "first_name": "", "last_name": "", "is_active": true, "is_superuser": false, "is_staff": false, "last_login": "2013-04-29T17:55:35.307Z", "groups": [], "user_permissions": [], "password": "pbkdf2_sha256$10000$JuaEC7NxjJH5$KgvoJ5BR4UDwbtyuPVblkK3PLBaUFcNuFoCTeqqSlbM=", "email": "anh36@example.com", "date_joined": "2013-04-29T17:55:35.307Z"}}, {"pk": 38, "model": "auth.user", "fields": {"username": "anh37", "first_name": "", "last_name": "", "is_active": true, "is_superuser": false, "is_staff": false, "last_login": "2013-04-29T17:55:53.876Z", "groups": [], "user_permissions": [], "password": "pbkdf2_sha256$10000$8qvN2DU3V72C$RMPRIivTfKfWe0LSyjBB3MV8+1wixG5PtZmpNPyoWSc=", "email": "anh37@example.com", "date_joined": "2013-04-29T17:55:53.877Z"}}, {"pk": 39, "model": "auth.user", "fields": {"username": "anh38", "first_name": "", "last_name": "", "is_active": true, "is_superuser": false, "is_staff": false, "last_login": "2013-04-30T12:13:49.313Z", "groups": [], "user_permissions": [], "password": "pbkdf2_sha256$10000$rlKekCM5TqWX$qwEupVrCL7BRCL6wpF/nIcPaWTEmaP8lh9xkmzQaedQ=", "email": "anh38@example.com", "date_joined": "2013-04-29T17:56:11.457Z"}}, {"pk": 40, "model": "auth.user", "fields": {"username": "anh39", "first_name": "", "last_name": "", "is_active": true, "is_superuser": false, "is_staff": false, "last_login": "2013-04-30T12:08:41.437Z", "groups": [], "user_permissions": [], "password": "pbkdf2_sha256$10000$jPK0HGPTpsUf$THyQTu5Un37cYdSv6C1M8j54ipvRVk/zhLv9aDRElbg=", "email": "anh39@example.com", "date_joined": "2013-04-29T17:56:24.886Z"}}, {"pk": 41, "model": "auth.user", "fields": {"username": "anh40", "first_name": "", "last_name": "", "is_active": true, "is_superuser": false, "is_staff": false, "last_login": "2013-04-30T11:47:36.631Z", "groups": [], "user_permissions": [], "password": "pbkdf2_sha256$10000$rbAL5cF7JrDp$m1u3gJ9dY9iVef6ERdEb1EI989W3oGGxa6/yHmpWpaE=", "email": "anh40@example.com", "date_joined": "2013-04-29T17:56:43.380Z"}}, {"pk": 42, "model": "auth.user", "fields": {"username": "anh41", "first_name": "", "last_name": "", "is_active": true, "is_superuser": false, "is_staff": false, "last_login": "2013-04-29T17:56:57.150Z", "groups": [], "user_permissions": [], "password": "pbkdf2_sha256$10000$otgvXTWahrXM$tlNKArvGGRFGcQZja9YgfRZ+2qKmYiKvBLjrUdAphjI=", "email": "anh41@example.com", "date_joined": "2013-04-29T17:56:57.150Z"}}, {"pk": 43, "model": "auth.user", "fields": {"username": "anh42", "first_name": "", "last_name": "", "is_active": true, "is_superuser": false, "is_staff": false, "last_login": "2013-04-29T17:57:09.875Z", "groups": [], "user_permissions": [], "password": "pbkdf2_sha256$10000$cX8A2thzP3bn$qOAglXuqPIhJPvKP3HxpmxCya8rdzy3eYO6mnlgNHkA=", "email": "anh42@example.com", "date_joined": "2013-04-29T17:57:09.875Z"}}, {"pk": 44, "model": "auth.user", "fields": {"username": "anh43", "first_name": "", "last_name": "", "is_active": true, "is_superuser": false, "is_staff": false, "last_login": "2013-04-29T17:57:25.633Z", "groups": [], "user_permissions": [], "password": "pbkdf2_sha256$10000$3bZwahOEYmaC$jcGJZCfP0LYV6E72FxiKA4YbNFQnDR16+Sxr8ozbWbE=", "email": "anh43@example.com", "date_joined": "2013-04-29T17:57:25.633Z"}}, {"pk": 45, "model": "auth.user", "fields": {"username": "anh44", "first_name": "", "last_name": "", "is_active": true, "is_superuser": false, "is_staff": false, "last_login": "2013-04-29T17:57:37.249Z", "groups": [], "user_permissions": [], "password": "pbkdf2_sha256$10000$AL9G7RnlzDtM$vZqyykpJBxp0uXPEqrnyFeLu5vs6FQ0YVdniQmi3hPA=", "email": "anh44@example.com", "date_joined": "2013-04-29T17:57:37.249Z"}}, {"pk": 46, "model": "auth.user", "fields": {"username": "anh45", "first_name": "", "last_name": "", "is_active": true, "is_superuser": false, "is_staff": false, "last_login": "2013-04-29T17:57:47.830Z", "groups": [], "user_permissions": [], "password": "pbkdf2_sha256$10000$kBq0GJwkmTiQ$uWaDny6BzGCEoPzU+tB6NYOMTXeiYoLl0KM5oj8iLDw=", "email": "anh45@example.com", "date_joined": "2013-04-29T17:57:47.830Z"}}, {"pk": 47, "model": "auth.user", "fields": {"username": "anh46", "first_name": "", "last_name": "", "is_active": true, "is_superuser": false, "is_staff": false, "last_login": "2013-04-29T17:58:01.961Z", "groups": [], "user_permissions": [], "password": "pbkdf2_sha256$10000$wdfyoXToGaTZ$7koRmS41qCxBYwx185hEorFOUax1YKiHNNDh6fXUy/0=", "email": "anh46@example.com", "date_joined": "2013-04-29T17:58:01.961Z"}}, {"pk": 48, "model": "auth.user", "fields": {"username": "anh47", "first_name": "", "last_name": "", "is_active": true, "is_superuser": false, "is_staff": false, "last_login": "2013-04-29T17:58:12.873Z", "groups": [], "user_permissions": [], "password": "pbkdf2_sha256$10000$kJPi8Ioam1pe$qiWmG8JzUdmbLPKEpKHRY2xVpQai36e4DxH94ud4cAQ=", "email": "anh47@example.com", "date_joined": "2013-04-29T17:58:12.873Z"}}, {"pk": 49, "model": "auth.user", "fields": {"username": "anh48", "first_name": "", "last_name": "", "is_active": true, "is_superuser": false, "is_staff": false, "last_login": "2013-04-29T17:58:26.229Z", "groups": [], "user_permissions": [], "password": "pbkdf2_sha256$10000$J4QadfMpKR3w$tNHVAG1Qk9ey0rPHsZ0oeWvqOzsUTskmtVYtKPzo+ew=", "email": "anh48@example.com", "date_joined": "2013-04-29T17:58:26.229Z"}}, {"pk": 50, "model": "auth.user", "fields": {"username": "anh49", "first_name": "", "last_name": "", "is_active": true, "is_superuser": false, "is_staff": false, "last_login": "2013-04-30T12:04:47.755Z", "groups": [], "user_permissions": [], "password": "pbkdf2_sha256$10000$uGUoWVKpUGtO$cpv4g4H8fKOAUPK0rGPP1GeuP6pF9ErUP70xN1lH4C0=", "email": "anh49@example.com", "date_joined": "2013-04-29T17:58:40.867Z"}}, {"pk": 50, "model": "YAASApp.auction", "fields": {"description": "disk 23", "title": "disk 23", "seller": 14, "state": "B", "min_price": "777", "end_time": "2017-07-07T00:07:00Z"}}, {"pk": 49, "model": "YAASApp.auction", "fields": {"description": "grapes 13", "title": "grapes 13", "seller": 14, "state": "A", "min_price": "123", "end_time": "2014-03-11T21:04:00Z"}}, {"pk": 48, "model": "YAASApp.auction", "fields": {"description": "Router 50", "title": "Router 50", "seller": 39, "state": "A", "min_price": "50", "end_time": "2013-05-05T23:05:00Z"}}, {"pk": 47, "model": "YAASApp.auction", "fields": {"description": "Map 49", "title": "Map 49", "seller": 39, "state": "A", "min_price": "4", "end_time": "2013-05-13T06:13:00Z"}}, {"pk": 46, "model": "YAASApp.auction", "fields": {"description": "Belt 48", "title": "Belt 48", "seller": 39, "state": "A", "min_price": "48", "end_time": "2013-05-05T23:05:00Z"}}, {"pk": 45, "model": "YAASApp.auction", "fields": {"description": "Jean 47", "title": "Jean 47", "seller": 39, "state": "A", "min_price": "17.17", "end_time": "2014-06-12T13:20:00Z"}}, {"pk": 44, "model": "YAASApp.auction", "fields": {"description": "Fruit 46", "title": "Fruit 46", "seller": 40, "state": "A", "min_price": "0.05", "end_time": "2013-05-09T22:05:00Z"}}, {"pk": 43, "model": "YAASApp.auction", "fields": {"description": "May tinh 45", "title": "May tinh 45", "seller": 40, "state": "A", "min_price": "455", "end_time": "2013-05-05T13:20:00Z"}}, {"pk": 42, "model": "YAASApp.auction", "fields": {"description": "Pan 44", "title": "Pan 44", "seller": 40, "state": "A", "min_price": "44", "end_time": "2013-06-15T23:06:00Z"}}, {"pk": 41, "model": "YAASApp.auction", "fields": {"description": "Chim 43", "title": "Chim 43", "seller": 40, "state": "A", "min_price": "43", "end_time": "2013-10-19T22:10:00Z"}}, {"pk": 40, "model": "YAASApp.auction", "fields": {"description": "Bang 42", "title": "Bang 42", "seller": 40, "state": "A", "min_price": "4200", "end_time": "2014-04-12T13:20:00Z"}}, {"pk": 39, "model": "YAASApp.auction", "fields": {"description": "Quan 41", "title": "Quan 41", "seller": 40, "state": "A", "min_price": "41", "end_time": "2013-04-13T19:02:00Z"}}, {"pk": 38, "model": "YAASApp.auction", "fields": {"description": "Tap vo 40", "title": "Tap vo 40", "seller": 40, "state": "A", "min_price": "400", "end_time": "2013-01-17T22:05:00Z"}}, {"pk": 37, "model": "YAASApp.auction", "fields": {"description": "Quat 39", "title": "Quat 39", "seller": 30, "state": "A", "min_price": "900", "end_time": "2012-11-20T02:09:00Z"}}, {"pk": 36, "model": "YAASApp.auction", "fields": {"description": "Zoo 38", "title": "Zoo 38", "seller": 30, "state": "A", "min_price": "3800.01", "end_time": "2049-12-31T17:00:00Z"}}, {"pk": 35, "model": "YAASApp.auction", "fields": {"description": "Chao 37", "title": "Chao 37", "seller": 50, "state": "A", "min_price": "370.77", "end_time": "2012-07-30T13:55:00Z"}}, {"pk": 34, "model": "YAASApp.auction", "fields": {"description": "Tui 36", "title": "Tui 36", "seller": 34, "state": "A", "min_price": "80.36", "end_time": "2013-09-09T02:09:00Z"}}, {"pk": 33, "model": "YAASApp.auction", "fields": {"description": "Dia 35", "title": "Dia 35", "seller": 34, "state": "A", "min_price": "350.5", "end_time": "2012-10-19T22:05:00Z"}}, {"pk": 32, "model": "YAASApp.auction", "fields": {"description": "chuong chua 34", "title": "chuong chua 34", "seller": 34, "state": "A", "min_price": "340", "end_time": "2013-10-19T22:10:00Z"}}, {"pk": 31, "model": "YAASApp.auction", "fields": {"description": "chua 33", "title": "chua 33", "seller": 34, "state": "A", "min_price": "333", "end_time": "2013-04-30T16:55:00Z"}}, {"pk": 30, "model": "YAASApp.auction", "fields": {"description": "nha tho 32", "title": "nha tho 32", "seller": 23, "state": "A", "min_price": "99", "end_time": "2013-05-21T21:15:00Z"}}, {"pk": 29, "model": "YAASApp.auction", "fields": {"description": "Chuoi 31", "title": "Chuoi 31", "seller": 22, "state": "A", "min_price": "311", "end_time": "2013-01-31T13:19:00Z"}}, {"pk": 28, "model": "YAASApp.auction", "fields": {"description": "Xuong 30", "title": "Xuong 30", "seller": 10, "state": "A", "min_price": "1111111", "end_time": "2013-10-19T22:10:00Z"}}, {"pk": 27, "model": "YAASApp.auction", "fields": {"description": "chuong 29", "title": "chuong 29", "seller": 10, "state": "A", "min_price": "299", "end_time": "2014-09-29T02:29:00Z"}}, {"pk": 26, "model": "YAASApp.auction", "fields": {"description": "chia khoa 28", "title": "chia khoa 28", "seller": 11, "state": "A", "min_price": "25.6", "end_time": "2013-05-21T21:15:00Z"}}, {"pk": 25, "model": "YAASApp.auction", "fields": {"description": "Bao 27", "title": "Bao 27", "seller": 11, "state": "A", "min_price": "27", "end_time": "2013-10-19T22:10:00Z"}}, {"pk": 24, "model": "YAASApp.auction", "fields": {"description": "auction 26", "title": "auction 26", "seller": 13, "state": "A", "min_price": "26.12", "end_time": "2013-12-25T22:05:00Z"}}, {"pk": 23, "model": "YAASApp.auction", "fields": {"description": "nuoc 25", "title": "nuoc 25", "seller": 16, "state": "A", "min_price": "25", "end_time": "2014-10-10T10:15:00Z"}}, {"pk": 22, "model": "YAASApp.auction", "fields": {"description": "sugar 24", "title": "sugar 24", "seller": 7, "state": "A", "min_price": "24", "end_time": "2014-12-31T17:00:00Z"}}, {"pk": 21, "model": "YAASApp.auction", "fields": {"description": "yen ngua 22", "title": "yen ngua 22", "seller": 6, "state": "A", "min_price": "22", "end_time": "2013-09-22T04:15:00Z"}}, {"pk": 20, "model": "YAASApp.auction", "fields": {"description": "cat 21", "title": "cat 21", "seller": 6, "state": "A", "min_price": "21", "end_time": "2014-12-21T16:59:00Z"}}, {"pk": 19, "model": "YAASApp.auction", "fields": {"description": "duong 20", "title": "duong 20", "seller": 6, "state": "A", "min_price": "0.01", "end_time": "2014-12-31T17:00:00Z"}}, {"pk": 18, "model": "YAASApp.auction", "fields": {"description": "muoi 19", "title": "muoi 19", "seller": 6, "state": "A", "min_price": "19", "end_time": "2013-09-18T22:10:00Z"}}, {"pk": 17, "model": "YAASApp.auction", "fields": {"description": "con cua 18", "title": "con cua 18", "seller": 6, "state": "A", "min_price": "50", "end_time": "2013-08-16T22:10:00Z"}}, {"pk": 16, "model": "YAASApp.auction", "fields": {"description": "b 17", "title": "b 17", "seller": 6, "state": "A", "min_price": "80", "end_time": "2013-07-16T22:10:00Z"}}, {"pk": 15, "model": "YAASApp.auction", "fields": {"description": "a 16", "title": "a 16", "seller": 6, "state": "A", "min_price": "100", "end_time": "2013-05-21T21:15:00Z"}}, {"pk": 14, "model": "YAASApp.auction", "fields": {"description": "Vali 15", "title": "Vali 15", "seller": 6, "state": "A", "min_price": "99", "end_time": "2014-11-19T22:05:00Z"}}, {"pk": 13, "model": "YAASApp.auction", "fields": {"description": "bag 14", "title": "bag 14", "seller": 6, "state": "A", "min_price": "80", "end_time": "2014-10-10T08:15:00Z"}}, {"pk": 12, "model": "YAASApp.auction", "fields": {"description": "clock 12", "title": "clock 12", "seller": 6, "state": "A", "min_price": "112", "end_time": "2013-04-20T22:05:00Z"}}, {"pk": 11, "model": "YAASApp.auction", "fields": {"description": "puzzle 11", "title": "puzzle 11", "seller": 6, "state": "A", "min_price": "111", "end_time": "2013-10-20T22:16:00Z"}}, {"pk": 10, "model": "YAASApp.auction", "fields": {"description": "dictionary 10", "title": "dictionary 10", "seller": 6, "state": "A", "min_price": "100", "end_time": "2013-10-19T22:16:00Z"}}, {"pk": 9, "model": "YAASApp.auction", "fields": {"description": "laptop 9", "title": "laptop 9", "seller": 6, "state": "A", "min_price": "900", "end_time": "2013-05-15T13:11:00Z"}}, {"pk": 8, "model": "YAASApp.auction", "fields": {"description": "desktop 8", "title": "desktop 8", "seller": 6, "state": "A", "min_price": "100", "end_time": "2013-05-21T21:15:00Z"}}, {"pk": 7, "model": "YAASApp.auction", "fields": {"description": "Table 7", "title": "Table 7", "seller": 6, "state": "A", "min_price": "200", "end_time": "2013-10-24T08:50:00Z"}}, {"pk": 6, "model": "YAASApp.auction", "fields": {"description": "door 6", "title": "door 6", "seller": 6, "state": "A", "min_price": "1006", "end_time": "2013-11-30T13:20:00Z"}}, {"pk": 5, "model": "YAASApp.auction", "fields": {"description": "key 5", "title": "key 5", "seller": 6, "state": "A", "min_price": "1005", "end_time": "2013-10-24T08:20:00Z"}}, {"pk": 4, "model": "YAASApp.auction", "fields": {"description": "Car 4", "title": "Car 4", "seller": 4, "state": "A", "min_price": "1004", "end_time": "2013-10-24T08:15:00Z"}}, {"pk": 3, "model": "YAASApp.auction", "fields": {"description": "Auction 3", "title": "Aution 3", "seller": 4, "state": "A", "min_price": "1003", "end_time": "2013-10-22T22:15:00Z"}}, {"pk": 2, "model": "YAASApp.auction", "fields": {"description": "auction 2", "title": "Book 2", "seller": 2, "state": "A", "min_price": "200", "end_time": "2013-10-19T22:10:00Z"}}, {"pk": 1, "model": "YAASApp.auction", "fields": {"description": "auction 1 edited", "title": "Auction 1", "seller": 2, "state": "A", "min_price": "100", "end_time": "2013-10-19T22:05:00Z"}}, {"pk": 1, "model": "YAASApp.bid", "fields": {"auction": 1, "bid_price": "200", "bidder": 3}}, {"pk": 2, "model": "YAASApp.bid", "fields": {"auction": 21, "bid_price": "23", "bidder": 7}}, {"pk": 3, "model": "YAASApp.bid", "fields": {"auction": 20, "bid_price": "55", "bidder": 7}}, {"pk": 4, "model": "YAASApp.bid", "fields": {"auction": 22, "bid_price": "70", "bidder": 41}}, {"pk": 5, "model": "YAASApp.bid", "fields": {"auction": 21, "bid_price": "55", "bidder": 41}}, {"pk": 6, "model": "YAASApp.bid", "fields": {"auction": 18, "bid_price": "500", "bidder": 13}}, {"pk": 7, "model": "YAASApp.bid", "fields": {"auction": 28, "bid_price": "1111112", "bidder": 22}}, {"pk": 8, "model": "YAASApp.bid", "fields": {"auction": 29, "bid_price": "11111111.01", "bidder": 23}}, {"pk": 9, "model": "YAASApp.bid", "fields": {"auction": 34, "bid_price": "80.37", "bidder": 50}}]